Optimizer,objfname,ExecutionTime,Iter_cross1,Iter_acc1,Iter_recall1,Iter_pre1,Iter_f11,Iter_cross2,Iter_acc2,Iter_recall2,Iter_pre2,Iter_f12,Iter_cross3,Iter_acc3,Iter_recall3,Iter_pre3,Iter_f13,Iter_cross4,Iter_acc4,Iter_recall4,Iter_pre4,Iter_f14,Iter_cross5,Iter_acc5,Iter_recall5,Iter_pre5,Iter_f15
WOA,LSTM_,90.53367018699646,2.299351930618286,0.7142857313156128,0.7142857313156128,0.7142857313156128,0.7142857313156128,1.1518317461013794,0.7142857313156128,0.7142857313156128,0.7142857313156128,0.7142857313156128,1.1441823244094849,0.7142857313156128,0.7142857313156128,0.7142857313156128,0.7142857313156128,0.9768182635307312,0.7142857313156128,0.7142857313156128,0.7142857313156128,0.7142857313156128,0.9768182635307312,0.7142857313156128,0.7142857313156128,0.7142857313156128,0.7142857313156128
