Optimizer,objfname,ExecutionTime,Iter_cross1,Iter_acc1,Iter_recall1,Iter_pre1,Iter_f11,Iter_cross2,Iter_acc2,Iter_recall2,Iter_pre2,Iter_f12,Iter_cross3,Iter_acc3,Iter_recall3,Iter_pre3,Iter_f13,Iter_cross4,Iter_acc4,Iter_recall4,Iter_pre4,Iter_f14,Iter_cross5,Iter_acc5,Iter_recall5,Iter_pre5,Iter_f15
PSO,LSTM_,87.39918875694275,1.4675424098968506,0.7142857313156128,0.7142857313156128,0.7142857313156128,0.7142857313156128,1.1137950420379639,0.7142857313156128,0.7142857313156128,0.7142857313156128,0.7142857313156128,1.1137950420379639,0.7142857313156128,0.7142857313156128,0.7142857313156128,0.7142857313156128,1.0933964252471924,0.7142857313156128,0.7142857313156128,0.7142857313156128,0.7142857313156128,1.0675785541534424,0.7142857313156128,0.7142857313156128,0.7142857313156128,0.7142857313156128
