Optimizer,objfname,ExecutionTime,Iter_cross1,Iter_acc1,Iter_recall1,Iter_pre1,Iter_f11,Iter_cross2,Iter_acc2,Iter_recall2,Iter_pre2,Iter_f12,Iter_cross3,Iter_acc3,Iter_recall3,Iter_pre3,Iter_f13,Iter_cross4,Iter_acc4,Iter_recall4,Iter_pre4,Iter_f14,Iter_cross5,Iter_acc5,Iter_recall5,Iter_pre5,Iter_f15
GWO,LSTM_,443.46711325645447,1.747987151145935,0.7142857313156128,0.7142857313156128,0.7142857313156128,0.7142857323156128,1.6163233518600464,0.7142857313156128,0.7142857313156128,0.7142857313156128,0.7142857323156128,1.6163233518600464,0.7142857313156128,0.7142857313156128,0.7142857313156128,0.7142857323156128,1.6163233518600464,0.7142857313156128,0.7142857313156128,0.7142857313156128,0.7142857323156128,1.589713454246521,0.7142857313156128,0.7142857313156128,0.7142857313156128,0.7142857323156128
